location;date;week;total_deaths;new_deaths;total_deaths_per_million;new_deaths_per_million
China;08/03/2020;2020-W10;3101;228;2.18;0.16
Germany;08/03/2020;2020-W10;23;12;0.27;0.14
India;08/03/2020;2020-W10;0;0;0;0
United States;08/03/2020;2020-W10;19;18;0.06;0.05
China;15/03/2020;2020-W11;3204;103;2.25;0.07
Germany;15/03/2020;2020-W11;107;84;1.27;1
India;15/03/2020;2020-W11;2;2;0;0
United States;15/03/2020;2020-W11;69;50;0.2;0.15
China;22/03/2020;2020-W12;3267;63;2.29;0.04
Germany;22/03/2020;2020-W12;586;479;6.97;5.7
India;22/03/2020;2020-W12;7;5;0;0
United States;22/03/2020;2020-W12;374;305;1.1;0.89
China;29/03/2020;2020-W13;3306;39;2.32;0.03
Germany;29/03/2020;2020-W13;2045;1459;24.32;17.35
India;29/03/2020;2020-W13;25;18;0.02;0.01
United States;29/03/2020;2020-W13;2106;1732;6.17;5.07
China;05/04/2020;2020-W14;3338;32;2.34;0.02
Germany;05/04/2020;2020-W14;4318;2273;51.35;27.03
India;05/04/2020;2020-W14;77;52;0.05;0.04
United States;05/04/2020;2020-W14;8748;6642;25.61;19.45
China;12/04/2020;2020-W15;3349;11;2.35;0.01
Germany;12/04/2020;2020-W15;6196;1878;73.69;22.33
India;12/04/2020;2020-W15;273;196;0.19;0.14
United States;12/04/2020;2020-W15;22637;13889;66.28;40.67
China;19/04/2020;2020-W16;4642;1293;3.26;0.91
Germany;19/04/2020;2020-W16;7422;1226;88.27;14.58
India;19/04/2020;2020-W16;507;234;0.36;0.16
United States;19/04/2020;2020-W16;38535;15898;112.83;46.55
China;26/04/2020;2020-W17;4642;0;3.26;0
Germany;26/04/2020;2020-W17;8149;727;96.91;8.65
India;26/04/2020;2020-W17;824;317;0.58;0.22
United States;26/04/2020;2020-W17;53434;14899;156.45;43.62
China;03/05/2020;2020-W18;4643;1;3.26;0
Germany;03/05/2020;2020-W18;8537;388;101.53;4.61
India;03/05/2020;2020-W18;1301;477;0.91;0.34
United States;03/05/2020;2020-W18;67069;13635;196.38;39.92
China;10/05/2020;2020-W19;4643;0;3.26;0
Germany;10/05/2020;2020-W19;8795;258;104.6;3.07
India;10/05/2020;2020-W19;2109;808;1.48;0.57
United States;10/05/2020;2020-W19;79827;12758;233.73;37.35
China;17/05/2020;2020-W20;4645;2;3.26;0
Germany;17/05/2020;2020-W20;8960;165;106.56;1.96
India;17/05/2020;2020-W20;2872;763;2.02;0.54
United States;17/05/2020;2020-W20;89957;10130;263.39;29.66
China;24/05/2020;2020-W21;4645;0;3.26;0
Germany;24/05/2020;2020-W21;9071;111;107.88;1.32
India;24/05/2020;2020-W21;3867;995;2.71;0.7
United States;24/05/2020;2020-W21;98515;8558;288.45;25.06
China;31/05/2020;2020-W22;4645;0;3.26;0
Germany;31/05/2020;2020-W22;9136;65;108.65;0.77
India;31/05/2020;2020-W22;5164;1297;3.62;0.91
United States;31/05/2020;2020-W22;105325;6810;308.39;19.94
China;07/06/2020;2020-W23;4645;0;3.26;0
Germany;07/06/2020;2020-W23;9180;44;109.17;0.52
India;07/06/2020;2020-W23;6929;1765;4.86;1.24
United States;07/06/2020;2020-W23;111312;5987;325.92;17.53
China;14/06/2020;2020-W24;4645;0;3.26;0
Germany;14/06/2020;2020-W24;9215;35;109.59;0.42
India;14/06/2020;2020-W24;9195;2266;6.45;1.59
United States;14/06/2020;2020-W24;116682;5370;341.64;15.72
China;21/06/2020;2020-W25;4646;1;3.26;0
Germany;21/06/2020;2020-W25;9256;41;110.08;0.49
India;21/06/2020;2020-W25;13254;4059;9.3;2.85
United States;21/06/2020;2020-W25;121137;4455;354.68;13.04
China;28/06/2020;2020-W26;4648;2;3.26;0
Germany;28/06/2020;2020-W26;9277;21;110.33;0.25
India;28/06/2020;2020-W26;16095;2841;11.29;1.99
United States;28/06/2020;2020-W26;127218;6081;372.49;17.8
China;05/07/2020;2020-W27;4648;0;3.26;0
Germany;05/07/2020;2020-W27;9303;26;110.64;0.31
India;05/07/2020;2020-W27;19268;3173;13.52;2.23
United States;05/07/2020;2020-W27;131669;4451;385.52;13.03
China;12/07/2020;2020-W28;4648;0;3.26;0
Germany;12/07/2020;2020-W28;9328;25;110.93;0.3
India;12/07/2020;2020-W28;22674;3406;15.91;2.39
United States;12/07/2020;2020-W28;137198;5529;401.71;16.19
China;19/07/2020;2020-W29;4653;5;3.26;0
Germany;19/07/2020;2020-W29;9359;31;111.3;0.37
India;19/07/2020;2020-W29;26816;4142;18.81;2.91
United States;19/07/2020;2020-W29;143864;6666;421.23;19.52
China;26/07/2020;2020-W30;4659;6;3.27;0
Germany;26/07/2020;2020-W30;9392;33;111.7;0.39
India;26/07/2020;2020-W30;32063;5247;22.49;3.68
United States;26/07/2020;2020-W30;151590;7726;443.85;22.62
China;02/08/2020;2020-W31;4674;15;3.28;0.01
Germany;02/08/2020;2020-W31;9429;37;112.14;0.44
India;02/08/2020;2020-W31;37364;5301;26.21;3.72
United States;02/08/2020;2020-W31;159736;8146;467.7;23.85
China;09/08/2020;2020-W32;4688;14;3.29;0.01
Germany;09/08/2020;2020-W32;9463;34;112.54;0.4
India;09/08/2020;2020-W32;43379;6015;30.43;4.22
United States;09/08/2020;2020-W32;167535;7799;490.54;22.84
China;16/08/2020;2020-W33;4710;22;3.3;0.02
Germany;16/08/2020;2020-W33;9494;31;112.91;0.37
India;16/08/2020;2020-W33;49980;6601;35.06;4.63
United States;16/08/2020;2020-W33;174939;7404;512.22;21.68
China;23/08/2020;2020-W34;4717;7;3.31;0
Germany;23/08/2020;2020-W34;9525;31;113.28;0.37
India;23/08/2020;2020-W34;56706;6726;39.78;4.72
United States;23/08/2020;2020-W34;181616;6677;531.76;19.55
China;30/08/2020;2020-W35;4728;11;3.32;0.01
Germany;30/08/2020;2020-W35;9543;18;113.49;0.21
India;30/08/2020;2020-W35;63498;6792;44.55;4.76
United States;30/08/2020;2020-W35;187959;6343;550.34;18.57
China;06/09/2020;2020-W36;4735;7;3.32;0
Germany;06/09/2020;2020-W36;9578;35;113.91;0.42
India;06/09/2020;2020-W36;70626;7128;49.55;5
United States;06/09/2020;2020-W36;193664;5705;567.04;16.7
China;13/09/2020;2020-W37;4741;6;3.33;0
Germany;13/09/2020;2020-W37;9646;68;114.72;0.81
India;13/09/2020;2020-W37;78586;7960;55.13;5.58
United States;13/09/2020;2020-W37;198641;4977;581.61;14.57
China;20/09/2020;2020-W38;4744;3;3.33;0
Germany;20/09/2020;2020-W38;9728;82;115.69;0.98
India;20/09/2020;2020-W38;86752;8166;60.86;5.73
United States;20/09/2020;2020-W38;203817;5176;596.77;15.16
China;27/09/2020;2020-W39;4746;2;3.33;0
Germany;27/09/2020;2020-W39;9838;110;117;1.31
India;27/09/2020;2020-W39;94503;7751;66.3;5.44
United States;27/09/2020;2020-W39;208593;4776;610.75;13.98
China;04/10/2020;2020-W40;4746;0;3.33;0
Germany;04/10/2020;2020-W40;9959;121;118.44;1.44
India;04/10/2020;2020-W40;101782;7279;71.4;5.11
United States;04/10/2020;2020-W40;213280;4687;624.48;13.72
China;11/10/2020;2020-W41;4746;0;3.33;0
Germany;11/10/2020;2020-W41;10206;247;121.38;2.94
India;11/10/2020;2020-W41;108334;6552;76;4.6
United States;11/10/2020;2020-W41;217895;4615;637.99;13.51
China;18/10/2020;2020-W42;4746;0;3.33;0
Germany;18/10/2020;2020-W42;10670;464;126.89;5.52
India;18/10/2020;2020-W42;114031;5697;80;4
United States;18/10/2020;2020-W42;222696;4801;652.05;14.06
China;25/10/2020;2020-W43;4746;0;3.33;0
Germany;25/10/2020;2020-W43;11685;1015;138.96;12.07
India;25/10/2020;2020-W43;118534;4503;83.16;3.16
United States;25/10/2020;2020-W43;228419;5723;668.8;16.76
China;01/11/2020;2020-W44;4746;0;3.33;0
Germany;01/11/2020;2020-W44;13306;1621;158.24;19.28
India;01/11/2020;2020-W44;122111;3577;85.67;2.51
United States;01/11/2020;2020-W44;234515;6096;686.65;17.85
China;08/11/2020;2020-W45;4748;2;3.33;0
Germany;08/11/2020;2020-W45;15216;1910;180.96;22.72
India;08/11/2020;2020-W45;126121;4010;88.48;2.81
United States;08/11/2020;2020-W45;241719;7204;707.74;21.09
China;15/11/2020;2020-W46;4749;1;3.33;0
Germany;15/11/2020;2020-W46;17752;2536;211.12;30.16
India;15/11/2020;2020-W46;129635;3514;90.94;2.46
United States;15/11/2020;2020-W46;250436;8717;733.27;25.52
China;22/11/2020;2020-W47;4749;0;3.33;0
Germany;22/11/2020;2020-W47;20978;3226;249.48;38.36
India;22/11/2020;2020-W47;133227;3592;93.46;2.52
United States;22/11/2020;2020-W47;261256;10820;764.95;31.68
China;29/11/2020;2020-W48;4750;1;3.33;0
Germany;29/11/2020;2020-W48;24579;3601;292.31;42.82
India;29/11/2020;2020-W48;136696;3469;95.9;2.43
United States;29/11/2020;2020-W48;273206;11950;799.94;34.99
China;06/12/2020;2020-W49;4753;3;3.34;0
Germany;06/12/2020;2020-W49;29059;4480;345.59;53.28
India;06/12/2020;2020-W49;140182;3486;98.34;2.45
United States;06/12/2020;2020-W49;288007;14801;843.28;43.34
China;13/12/2020;2020-W50;4756;3;3.34;0
Germany;13/12/2020;2020-W50;34821;5762;414.11;68.53
India;13/12/2020;2020-W50;143019;2837;100.33;1.99
United States;13/12/2020;2020-W50;305721;17714;895.14;51.87
China;20/12/2020;2020-W51;4770;14;3.35;0.01
Germany;20/12/2020;2020-W51;41281;6460;490.94;76.83
India;20/12/2020;2020-W51;145477;2458;102.06;1.72
United States;20/12/2020;2020-W51;324587;18866;950.38;55.24
China;27/12/2020;2020-W52;4777;7;3.35;0
Germany;27/12/2020;2020-W52;47009;5728;559.06;68.12
India;27/12/2020;2020-W52;147622;2145;103.56;1.5
United States;27/12/2020;2020-W52;342920;18333;1004.06;53.68
China;03/01/2021;2021-W01;4791;14;3.36;0.01
Germany;03/01/2021;2021-W01;52753;5744;627.37;68.31
India;03/01/2021;2021-W01;149435;1813;104.84;1.27
United States;03/01/2021;2021-W01;362570;19650;1061.59;57.54
China;10/01/2021;2021-W02;4798;7;3.37;0
Germany;10/01/2021;2021-W02;58512;5759;695.86;68.49
India;10/01/2021;2021-W02;150999;1564;105.93;1.1
United States;10/01/2021;2021-W02;384067;21497;1124.54;62.94
China;17/01/2021;2021-W03;4804;6;3.37;0
Germany;17/01/2021;2021-W03;63608;5096;756.46;60.6
India;17/01/2021;2021-W03;152274;1275;106.83;0.89
United States;17/01/2021;2021-W03;407379;23312;1192.79;68.26
China;24/01/2021;2021-W04;4810;6;3.38;0
Germany;24/01/2021;2021-W04;67715;4107;805.3;48.84
India;24/01/2021;2021-W04;153339;1065;107.57;0.75
United States;24/01/2021;2021-W04;429874;22495;1258.66;65.86
China;31/01/2021;2021-W05;4823;13;3.38;0.01
Germany;31/01/2021;2021-W05;70817;3102;842.2;36.89
India;31/01/2021;2021-W05;154274;935;108.23;0.66
United States;31/01/2021;2021-W05;452123;22249;1323.8;65.14
China;07/02/2021;2021-W06;4831;8;3.39;0.01
Germany;07/02/2021;2021-W06;73085;2268;869.17;26.97
India;07/02/2021;2021-W06;154996;722;108.74;0.51
United States;07/02/2021;2021-W06;472223;20100;1382.65;58.85
China;14/02/2021;2021-W07;4838;7;3.4;0
Germany;14/02/2021;2021-W07;74765;1680;889.15;19.98
India;14/02/2021;2021-W07;155642;646;109.19;0.45
United States;14/02/2021;2021-W07;492061;19838;1440.74;58.08
China;21/02/2021;2021-W08;4842;4;3.4;0
Germany;21/02/2021;2021-W08;76243;1478;906.72;17.58
India;21/02/2021;2021-W08;156302;660;109.65;0.46
United States;21/02/2021;2021-W08;506493;14432;1482.99;42.26
China;28/02/2021;2021-W09;4843;1;3.4;0
Germany;28/02/2021;2021-W09;77470;1227;921.32;14.59
India;28/02/2021;2021-W09;157051;749;110.18;0.52
United States;28/02/2021;2021-W09;519853;13360;1522.11;39.12
China;07/03/2021;2021-W10;4848;5;3.4;0
Germany;07/03/2021;2021-W10;78519;1049;933.79;12.48
India;07/03/2021;2021-W10;157756;705;110.67;0.5
United States;07/03/2021;2021-W10;530299;10446;1552.7;30.59
China;14/03/2021;2021-W11;4849;1;3.4;0
Germany;14/03/2021;2021-W11;79623;1104;946.92;13.13
India;14/03/2021;2021-W11;158607;851;111.27;0.6
United States;14/03/2021;2021-W11;538858;8559;1577.76;25.06
China;21/03/2021;2021-W12;4849;0;3.4;0
Germany;21/03/2021;2021-W12;80900;1277;962.11;15.19
India;21/03/2021;2021-W12;159755;1148;112.08;0.8
United States;21/03/2021;2021-W12;545122;6264;1596.1;18.34
China;28/03/2021;2021-W13;4851;2;3.4;0
Germany;28/03/2021;2021-W13;82426;1526;980.26;18.15
India;28/03/2021;2021-W13;161552;1797;113.34;1.26
United States;28/03/2021;2021-W13;551233;6111;1613.99;17.89
China;04/04/2021;2021-W14;4851;0;3.4;0
Germany;04/04/2021;2021-W14;84016;1590;999.16;18.91
India;04/04/2021;2021-W14;164623;3071;115.49;2.15
United States;04/04/2021;2021-W14;556585;5352;1629.66;15.67
China;11/04/2021;2021-W15;4853;2;3.4;0
Germany;11/04/2021;2021-W15;85598;1582;1017.98;18.81
India;11/04/2021;2021-W15;169275;4652;118.75;3.26
United States;11/04/2021;2021-W15;561488;4903;1644.02;14.36
China;18/04/2021;2021-W16;4856;3;3.41;0
Germany;18/04/2021;2021-W16;87225;1627;1037.33;19.35
India;18/04/2021;2021-W16;177150;7875;124.28;5.52
United States;18/04/2021;2021-W16;566363;4875;1658.29;14.27
China;25/04/2021;2021-W17;4856;0;3.41;0
Germany;25/04/2021;2021-W17;88847;1622;1056.62;19.29
India;25/04/2021;2021-W17;192311;15161;134.92;10.64
United States;25/04/2021;2021-W17;571084;4721;1672.11;13.82
China;02/05/2021;2021-W18;4858;2;3.41;0
Germany;02/05/2021;2021-W18;90154;1307;1072.16;15.54
India;02/05/2021;2021-W18;215542;23231;151.21;16.3
United States;02/05/2021;2021-W18;575577;4493;1685.27;13.16
China;09/05/2021;2021-W19;4858;0;3.41;0
Germany;09/05/2021;2021-W19;91164;1010;1084.17;12.01
India;09/05/2021;2021-W19;242362;26820;170.03;18.82
United States;09/05/2021;2021-W19;580028;4451;1698.3;13.03
China;16/05/2021;2021-W20;4858;0;3.41;0
Germany;16/05/2021;2021-W20;91840;676;1092.21;8.04
India;16/05/2021;2021-W20;270284;27922;189.62;19.59
United States;16/05/2021;2021-W20;584001;3973;1709.94;11.63
China;23/05/2021;2021-W21;4869;11;3.42;0.01
Germany;23/05/2021;2021-W21;92288;448;1097.54;5.33
India;23/05/2021;2021-W21;299266;28982;209.95;20.33
United States;23/05/2021;2021-W21;587625;3624;1720.55;10.61
China;30/05/2021;2021-W22;4955;86;3.48;0.06
Germany;30/05/2021;2021-W22;92549;261;1100.64;3.1
India;30/05/2021;2021-W22;325972;26706;228.68;18.74
United States;30/05/2021;2021-W22;591159;3534;1730.89;10.35
China;06/06/2021;2021-W23;5106;151;3.58;0.11
Germany;06/06/2021;2021-W23;92690;141;1102.32;1.68
India;06/06/2021;2021-W23;346759;20787;243.27;14.58
United States;06/06/2021;2021-W23;593834;2675;1738.73;7.83
China;13/06/2021;2021-W24;5283;177;3.71;0.12
Germany;13/06/2021;2021-W24;92757;67;1103.12;0.8
India;13/06/2021;2021-W24;370384;23625;259.84;16.57
United States;13/06/2021;2021-W24;596458;2624;1746.41;7.68
China;20/06/2021;2021-W25;5395;112;3.78;0.08
Germany;20/06/2021;2021-W25;92804;47;1103.68;0.56
India;20/06/2021;2021-W25;386713;16329;271.3;11.46
United States;20/06/2021;2021-W25;598220;1762;1751.57;5.16
China;27/06/2021;2021-W26;5478;83;3.84;0.06
Germany;27/06/2021;2021-W26;92834;30;1104.03;0.36
India;27/06/2021;2021-W26;395751;9038;277.64;6.34
United States;27/06/2021;2021-W26;600321;2101;1757.72;6.15
China;04/07/2021;2021-W27;5535;57;3.88;0.04
Germany;04/07/2021;2021-W27;92859;25;1104.33;0.3
India;04/07/2021;2021-W27;402005;6254;282.02;4.39
United States;04/07/2021;2021-W27;602038;1717;1762.75;5.03
China;11/07/2021;2021-W28;5588;53;3.92;0.04
Germany;11/07/2021;2021-W28;92884;25;1104.63;0.3
India;11/07/2021;2021-W28;408040;6035;286.26;4.23
United States;11/07/2021;2021-W28;603547;1509;1767.16;4.42
China;18/07/2021;2021-W29;5616;28;3.94;0.02
Germany;18/07/2021;2021-W29;92914;30;1104.98;0.36
India;18/07/2021;2021-W29;413609;5569;290.17;3.91
United States;18/07/2021;2021-W29;605478;1931;1772.82;5.65
China;25/07/2021;2021-W30;5634;18;3.95;0.01
Germany;25/07/2021;2021-W30;92954;40;1105.46;0.48
India;25/07/2021;2021-W30;420551;6942;295.04;4.87
United States;25/07/2021;2021-W30;607562;2084;1778.92;6.1
China;01/08/2021;2021-W31;5637;3;3.96;0
Germany;01/08/2021;2021-W31;93026;72;1106.32;0.86
India;01/08/2021;2021-W31;424351;3800;297.7;2.67
United States;01/08/2021;2021-W31;610489;2927;1787.49;8.57
China;08/08/2021;2021-W32;5657;20;3.97;0.01
Germany;08/08/2021;2021-W32;93115;89;1107.38;1.06
India;08/08/2021;2021-W32;427862;3511;300.17;2.46
United States;08/08/2021;2021-W32;614942;4453;1800.53;13.04
China;15/08/2021;2021-W33;5669;12;3.98;0.01
Germany;15/08/2021;2021-W33;93259;144;1109.09;1.71
India;15/08/2021;2021-W33;431225;3363;302.52;2.36
United States;15/08/2021;2021-W33;620579;5637;1817.03;16.5
China;22/08/2021;2021-W34;5676;7;3.98;0
Germany;22/08/2021;2021-W34;93483;224;1111.75;2.66
India;22/08/2021;2021-W34;434367;3142;304.73;2.2
United States;22/08/2021;2021-W34;628634;8055;1840.62;23.58
China;29/08/2021;2021-W35;5682;6;3.99;0
Germany;29/08/2021;2021-W35;93834;351;1115.93;4.17
India;29/08/2021;2021-W35;437830;3463;307.16;2.43
United States;29/08/2021;2021-W35;638817;10183;1870.43;29.82
China;05/09/2021;2021-W36;5685;3;3.99;0
Germany;05/09/2021;2021-W36;94266;432;1121.06;5.14
India;05/09/2021;2021-W36;440533;2703;309.05;1.9
United States;05/09/2021;2021-W36;650526;11709;1904.72;34.28
China;12/09/2021;2021-W37;5687;2;3.99;0
Germany;12/09/2021;2021-W37;94715;449;1126.4;5.34
India;12/09/2021;2021-W37;442655;2122;310.54;1.49
United States;12/09/2021;2021-W37;662611;12085;1940.1;35.38
China;19/09/2021;2021-W38;5689;2;3.99;0
Germany;19/09/2021;2021-W38;95100;385;1130.98;4.58
India;19/09/2021;2021-W38;444838;2183;312.07;1.53
United States;19/09/2021;2021-W38;676201;13590;1979.89;39.79
China;26/09/2021;2021-W39;5690;1;3.99;0
Germany;26/09/2021;2021-W39;95454;354;1135.19;4.21
India;26/09/2021;2021-W39;446918;2080;313.53;1.46
United States;26/09/2021;2021-W39;689585;13384;2019.08;39.19
China;03/10/2021;2021-W40;5692;2;3.99;0
Germany;03/10/2021;2021-W40;95877;423;1140.22;5.03
India;03/10/2021;2021-W40;448817;1899;314.87;1.33
United States;03/10/2021;2021-W40;702577;12992;2057.12;38.04
China;10/10/2021;2021-W41;5695;3;4;0
Germany;10/10/2021;2021-W41;96366;489;1146.04;5.82
India;10/10/2021;2021-W41;450589;1772;316.11;1.24
United States;10/10/2021;2021-W41;714261;11684;2091.33;34.21
China;17/10/2021;2021-W42;5695;0;4;0
Germany;17/10/2021;2021-W42;96947;581;1152.95;6.91
India;17/10/2021;2021-W42;452124;1535;317.19;1.08
United States;17/10/2021;2021-W42;724723;10462;2121.96;30.63
China;24/10/2021;2021-W43;5695;0;4;0
Germany;24/10/2021;2021-W43;97998;1051;1165.45;12.5
India;24/10/2021;2021-W43;454269;2145;318.69;1.5
United States;24/10/2021;2021-W43;735814;11091;2154.44;32.47
China;31/10/2021;2021-W44;5696;1;4;0
Germany;31/10/2021;2021-W44;99272;1274;1180.6;15.15
India;31/10/2021;2021-W44;458186;3917;321.44;2.75
United States;31/10/2021;2021-W44;744729;8915;2180.54;26.1
China;07/11/2021;2021-W45;5696;0;4;0
Germany;07/11/2021;2021-W45;100944;1672;1200.48;19.88
India;07/11/2021;2021-W45;460791;2605;323.27;1.83
United States;07/11/2021;2021-W45;752136;7407;2202.23;21.69
China;14/11/2021;2021-W46;5697;1;4;0
Germany;14/11/2021;2021-W46;103230;2286;1227.67;27.19
India;14/11/2021;2021-W46;463530;2739;325.19;1.92
United States;14/11/2021;2021-W46;759665;7529;2224.27;22.04
China;21/11/2021;2021-W47;5697;0;4;0
Germany;21/11/2021;2021-W47;105940;2710;1259.9;32.23
India;21/11/2021;2021-W47;465662;2132;326.68;1.5
United States;21/11/2021;2021-W47;769941;10276;2254.36;30.09
China;28/11/2021;2021-W48;5697;0;4;0
Germany;28/11/2021;2021-W48;109033;3093;1296.68;36.78
India;28/11/2021;2021-W48;468554;2892;328.71;2.03
United States;28/11/2021;2021-W48;775631;5690;2271.02;16.66
China;05/12/2021;2021-W49;5697;0;4;0
Germany;05/12/2021;2021-W49;111898;2865;1330.75;34.07
India;05/12/2021;2021-W49;473326;4772;332.06;3.35
United States;05/12/2021;2021-W49;783935;8304;2295.34;24.31
China;12/12/2021;2021-W50;5697;0;4;0
Germany;12/12/2021;2021-W50;114411;2513;1360.64;29.89
India;12/12/2021;2021-W50;475434;2108;333.54;1.48
United States;12/12/2021;2021-W50;792521;8586;2320.47;25.14
China;19/12/2021;2021-W51;5699;2;4;0
Germany;19/12/2021;2021-W51;116405;1994;1384.35;23.71
India;19/12/2021;2021-W51;477422;1988;334.93;1.4
United States;19/12/2021;2021-W51;801586;9065;2347.02;26.54
China;26/12/2021;2021-W52;5699;0;4;0
Germany;26/12/2021;2021-W52;117692;1287;1399.66;15.31
India;26/12/2021;2021-W52;479682;2260;336.52;1.58
United States;26/12/2021;2021-W52;812587;11001;2379.23;32.21
China;02/01/2022;2022-W01;5699;0;4;0
Germany;02/01/2022;2022-W01;118721;1029;1411.9;12.24
India;02/01/2022;2022-W01;481770;2088;337.98;1.46
United States;02/01/2022;2022-W01;821733;9146;2406.01;26.78
China;09/01/2022;2022-W02;5699;0;4;0
Germany;09/01/2022;2022-W02;119591;870;1422.24;10.35
India;09/01/2022;2022-W02;483790;2020;339.4;1.42
United States;09/01/2022;2022-W02;833449;11716;2440.31;34.3
China;16/01/2022;2022-W03;5700;1;4;0
Germany;16/01/2022;2022-W03;120284;693;1430.48;8.24
India;16/01/2022;2022-W03;486066;2276;341;1.6
United States;16/01/2022;2022-W03;847829;14380;2482.41;42.1
China;23/01/2022;2022-W04;5700;0;4;0
Germany;23/01/2022;2022-W04;121151;867;1440.8;10.31
India;23/01/2022;2022-W04;489409;3343;343.34;2.35
United States;23/01/2022;2022-W04;864137;16308;2530.16;47.75
China;30/01/2022;2022-W05;5700;0;4;0
Germany;30/01/2022;2022-W05;122268;1117;1454.08;13.28
India;30/01/2022;2022-W05;494091;4682;346.63;3.28
United States;30/01/2022;2022-W05;882540;18403;2584.05;53.88
China;06/02/2022;2022-W06;5700;0;4;0
Germany;06/02/2022;2022-W06;123772;1504;1471.96;17.89
India;06/02/2022;2022-W06;501979;7888;352.16;5.53
United States;06/02/2022;2022-W06;901194;18654;2638.66;54.62
China;13/02/2022;2022-W07;5706;6;4;0
Germany;13/02/2022;2022-W07;125477;1705;1492.24;20.28
India;13/02/2022;2022-W07;508665;6686;356.85;4.69
United States;13/02/2022;2022-W07;918744;17550;2690.05;51.39
China;20/02/2022;2022-W08;5776;70;4.05;0.05
Germany;20/02/2022;2022-W08;127263;1786;1513.48;21.24
India;20/02/2022;2022-W08;511903;3238;359.12;2.27
United States;20/02/2022;2022-W08;934116;15372;2735.06;45.01
China;27/02/2022;2022-W09;6148;372;4.31;0.26
Germany;27/02/2022;2022-W09;128908;1645;1533.04;19.56
India;27/02/2022;2022-W09;513724;1821;360.4;1.28
United States;27/02/2022;2022-W09;947162;13046;2773.26;38.2
China;06/03/2022;2022-W10;7496;1348;5.26;0.95
Germany;06/03/2022;2022-W10;130514;1606;1552.14;19.1
India;06/03/2022;2022-W10;515036;1312;361.32;0.92
United States;06/03/2022;2022-W10;956840;9678;2801.6;28.34
China;13/03/2022;2022-W11;9482;1986;6.65;1.39
Germany;13/03/2022;2022-W11;132292;1778;1573.29;21.14
India;13/03/2022;2022-W11;515850;814;361.89;0.57
United States;13/03/2022;2022-W11;965446;8606;2826.79;25.2
China;20/03/2022;2022-W12;11387;1905;7.99;1.34
Germany;20/03/2022;2022-W12;134226;1934;1596.29;23
India;20/03/2022;2022-W12;516479;629;362.33;0.44
United States;20/03/2022;2022-W12;968691;3245;2836.29;9.5
China;27/03/2022;2022-W13;12743;1356;8.94;0.95
Germany;27/03/2022;2022-W13;136107;1881;1618.66;22.37
India;27/03/2022;2022-W13;521004;4525;365.51;3.17
United States;27/03/2022;2022-W13;973682;4991;2850.91;14.61
China;03/04/2022;2022-W14;13663;920;9.59;0.65
Germany;03/04/2022;2022-W14;137643;1536;1636.93;18.27
India;03/04/2022;2022-W14;521345;341;365.75;0.24
United States;03/04/2022;2022-W14;977854;4172;2863.12;12.22
China;10/04/2022;2022-W15;14262;599;10.01;0.42
Germany;10/04/2022;2022-W15;138935;1292;1652.29;15.36
India;10/04/2022;2022-W15;521685;340;365.99;0.24
United States;10/04/2022;2022-W15;981321;3467;2873.27;10.15
China;17/04/2022;2022-W16;14634;372;10.27;0.26
Germany;17/04/2022;2022-W16;139920;985;1664.01;11.71
India;17/04/2022;2022-W16;521751;66;366.03;0.05
United States;17/04/2022;2022-W16;984444;3123;2882.42;9.14
China;24/04/2022;2022-W17;14881;247;10.44;0.17
Germany;24/04/2022;2022-W17;140728;808;1673.62;9.61
India;24/04/2022;2022-W17;522193;442;366.34;0.31
United States;24/04/2022;2022-W17;986887;2443;2889.57;7.15
China;01/05/2022;2022-W18;15273;392;10.72;0.28
Germany;01/05/2022;2022-W18;141406;678;1681.68;8.06
India;01/05/2022;2022-W18;523843;1650;367.5;1.16
United States;01/05/2022;2022-W18;989129;2242;2896.14;6.56
China;08/05/2022;2022-W19;15450;177;10.84;0.12
Germany;08/05/2022;2022-W19;141947;541;1688.11;6.43
India;08/05/2022;2022-W19;524064;221;367.66;0.16
United States;08/05/2022;2022-W19;991770;2641;2903.87;7.73
China;15/05/2022;2022-W20;15642;192;10.98;0.14
Germany;15/05/2022;2022-W20;142365;418;1693.08;4.97
India;15/05/2022;2022-W20;524214;150;367.76;0.1
United States;15/05/2022;2022-W20;993736;1966;2909.62;5.76
China;22/05/2022;2022-W21;15989;347;11.22;0.24
Germany;22/05/2022;2022-W21;142695;330;1697.01;3.92
India;22/05/2022;2022-W21;524413;199;367.9;0.14
United States;22/05/2022;2022-W21;995817;2081;2915.72;6.09
China;29/05/2022;2022-W22;16658;669;11.69;0.47
Germany;29/05/2022;2022-W22;142908;213;1699.54;2.53
India;29/05/2022;2022-W22;524586;173;368.02;0.12
United States;29/05/2022;2022-W22;998446;2629;2923.42;7.7
China;05/06/2022;2022-W23;17702;1044;12.42;0.73
Germany;05/06/2022;2022-W23;143131;223;1702.19;2.65
India;05/06/2022;2022-W23;524692;106;368.1;0.07
United States;05/06/2022;2022-W23;1000425;1979;2929.21;5.79
China;12/06/2022;2022-W24;18896;1194;13.26;0.84
Germany;12/06/2022;2022-W24;143416;285;1705.58;3.39
India;12/06/2022;2022-W24;524761;69;368.14;0.05
United States;12/06/2022;2022-W24;1002709;2284;2935.9;6.69
China;19/06/2022;2022-W25;19987;1091;14.02;0.77
Germany;19/06/2022;2022-W25;143818;402;1710.36;4.78
India;19/06/2022;2022-W25;524855;94;368.21;0.07
United States;19/06/2022;2022-W25;1004911;2202;2942.34;6.45
China;26/06/2022;2022-W26;20969;982;14.71;0.69
Germany;26/06/2022;2022-W26;144384;566;1717.09;6.73
India;26/06/2022;2022-W26;524999;144;368.31;0.1
United States;26/06/2022;2022-W26;1007412;2501;2949.67;7.32
China;03/07/2022;2022-W27;21658;689;15.2;0.48
Germany;03/07/2022;2022-W27;144994;610;1724.35;7.25
India;03/07/2022;2022-W27;525199;200;368.45;0.14
United States;03/07/2022;2022-W27;1010054;2642;2957.4;7.74
China;10/07/2022;2022-W28;22367;709;15.69;0.5
Germany;10/07/2022;2022-W28;145696;702;1732.7;8.35
India;10/07/2022;2022-W28;525428;229;368.61;0.16
United States;10/07/2022;2022-W28;1012508;2454;2964.59;7.18
China;17/07/2022;2022-W29;22895;528;16.07;0.37
Germany;17/07/2022;2022-W29;146656;960;1744.11;11.42
India;17/07/2022;2022-W29;525709;281;368.81;0.2
United States;17/07/2022;2022-W29;1015293;2785;2972.74;8.15
China;24/07/2022;2022-W30;23353;458;16.39;0.32
Germany;24/07/2022;2022-W30;147785;1129;1757.54;13.43
India;24/07/2022;2022-W30;526033;324;369.04;0.23
United States;24/07/2022;2022-W30;1018480;3187;2982.08;9.33
China;31/07/2022;2022-W31;23704;351;16.63;0.25
Germany;31/07/2022;2022-W31;148823;1038;1769.89;12.34
India;31/07/2022;2022-W31;526357;324;369.26;0.23
United States;31/07/2022;2022-W31;1021593;3113;2991.19;9.12
China;07/08/2022;2022-W32;24034;330;16.86;0.23
Germany;07/08/2022;2022-W32;149614;791;1779.29;9.41
India;07/08/2022;2022-W32;526689;332;369.5;0.23
United States;07/08/2022;2022-W32;1024854;3261;3000.74;9.55
China;14/08/2022;2022-W33;24258;224;17.02;0.16
Germany;14/08/2022;2022-W33;150237;623;1786.7;7.41
India;14/08/2022;2022-W33;527037;348;369.74;0.24
United States;14/08/2022;2022-W33;1028296;3442;3010.82;10.08
China;21/08/2022;2022-W34;24499;241;17.19;0.17
Germany;21/08/2022;2022-W34;150830;593;1793.75;7.05
India;21/08/2022;2022-W34;527332;295;369.95;0.21
United States;21/08/2022;2022-W34;1031527;3231;3020.28;9.46
China;28/08/2022;2022-W35;24766;267;17.38;0.19
Germany;28/08/2022;2022-W35;151227;397;1798.48;4.72
India;28/08/2022;2022-W35;527754;422;370.24;0.3
United States;28/08/2022;2022-W35;1034748;3221;3029.71;9.43
China;04/09/2022;2022-W36;25058;292;17.58;0.2
Germany;04/09/2022;2022-W36;151578;351;1802.65;4.17
India;04/09/2022;2022-W36;527991;237;370.41;0.17
United States;04/09/2022;2022-W36;1037838;3090;3038.75;9.05
China;11/09/2022;2022-W37;25354;296;17.79;0.21
Germany;11/09/2022;2022-W37;151895;317;1806.42;3.77
India;11/09/2022;2022-W37;528150;159;370.52;0.11
United States;11/09/2022;2022-W37;1040463;2625;3046.44;7.69
China;18/09/2022;2022-W38;25712;358;18.04;0.25
Germany;18/09/2022;2022-W38;152249;354;1810.63;4.21
India;18/09/2022;2022-W38;528337;187;370.65;0.13
United States;18/09/2022;2022-W38;1043362;2899;3054.93;8.49
China;25/09/2022;2022-W39;26244;532;18.42;0.37
Germany;25/09/2022;2022-W39;152769;520;1816.81;6.18
India;25/09/2022;2022-W39;528510;173;370.77;0.12
United States;25/09/2022;2022-W39;1046067;2705;3062.85;7.92
China;02/10/2022;2022-W40;26609;365;18.67;0.26
Germany;02/10/2022;2022-W40;153649;880;1827.28;10.46
India;02/10/2022;2022-W40;528673;163;370.89;0.11
United States;02/10/2022;2022-W40;1049049;2982;3071.58;8.73
China;09/10/2022;2022-W41;27044;435;18.98;0.3
Germany;09/10/2022;2022-W41;154933;1284;1842.55;15.27
India;09/10/2022;2022-W41;528799;126;370.98;0.09
United States;09/10/2022;2022-W41;1051609;2560;3079.08;7.5
China;16/10/2022;2022-W42;27471;427;19.27;0.3
Germany;16/10/2022;2022-W42;156493;1560;1861.1;18.55
India;16/10/2022;2022-W42;528895;96;371.04;0.07
United States;16/10/2022;2022-W42;1053883;2274;3085.73;6.66
China;23/10/2022;2022-W43;27950;479;19.61;0.34
Germany;23/10/2022;2022-W43;157970;1477;1878.67;17.57
India;23/10/2022;2022-W43;528961;66;371.09;0.05
United States;23/10/2022;2022-W43;1056838;2955;3094.39;8.65
China;30/10/2022;2022-W44;28460;510;19.97;0.36
Germany;30/10/2022;2022-W44;159019;1049;1891.14;12.48
India;30/10/2022;2022-W44;529016;55;371.13;0.04
United States;30/10/2022;2022-W44;1059919;3081;3103.41;9.02
China;06/11/2022;2022-W45;28939;479;20.31;0.34
Germany;06/11/2022;2022-W45;159717;698;1899.44;8.3
India;06/11/2022;2022-W45;530500;1484;372.17;1.04
United States;06/11/2022;2022-W45;1062382;2463;3110.62;7.21
China;13/11/2022;2022-W46;29370;431;20.61;0.3
Germany;13/11/2022;2022-W46;160357;640;1907.05;7.61
India;13/11/2022;2022-W46;530531;31;372.19;0.02
United States;13/11/2022;2022-W46;1064672;2290;3117.32;6.7
China;20/11/2022;2022-W47;29838;468;20.94;0.33
Germany;20/11/2022;2022-W47;160910;553;1913.63;6.58
India;20/11/2022;2022-W47;530574;43;372.22;0.03
United States;20/11/2022;2022-W47;1066874;2202;3123.77;6.45
China;27/11/2022;2022-W48;30192;354;21.18;0.25
Germany;27/11/2022;2022-W48;161550;640;1921.24;7.61
India;27/11/2022;2022-W48;530612;38;372.25;0.03
United States;27/11/2022;2022-W48;1069493;2619;3131.44;7.67
China;04/12/2022;2022-W49;30567;375;21.45;0.26
Germany;04/12/2022;2022-W49;162350;800;1930.76;9.51
India;04/12/2022;2022-W49;530628;16;372.26;0.01
United States;04/12/2022;2022-W49;1071256;1763;3136.6;5.16
China;11/12/2022;2022-W50;31438;871;22.06;0.61
Germany;11/12/2022;2022-W50;163311;961;1942.18;11.43
India;11/12/2022;2022-W50;530658;30;372.28;0.02
United States;11/12/2022;2022-W50;1074291;3035;3145.49;8.89
China;18/12/2022;2022-W51;33146;1708;23.26;1.2
Germany;18/12/2022;2022-W51;164450;1139;1955.73;13.55
India;18/12/2022;2022-W51;530672;14;372.29;0.01
United States;18/12/2022;2022-W51;1076943;2652;3153.25;7.76
China;25/12/2022;2022-W52;38995;5849;27.36;4.1
Germany;25/12/2022;2022-W52;165738;1288;1971.05;15.32
India;25/12/2022;2022-W52;530693;21;372.31;0.02
United States;25/12/2022;2022-W52;1079976;3033;3162.13;8.88
China;01/01/2023;2023-W01;56888;17893;39.92;12.56
Germany;01/01/2023;2023-W01;166708;970;1982.58;11.54
India;01/01/2023;2023-W01;530705;12;372.31;0.01
United States;01/01/2023;2023-W01;1082456;2480;3169.39;7.26
China;08/01/2023;2023-W02;69879;12991;49.03;9.12
Germany;08/01/2023;2023-W02;167537;829;1992.44;9.86
India;08/01/2023;2023-W02;530720;15;372.32;0.01
United States;08/01/2023;2023-W02;1085220;2764;3177.49;8.09
China;15/01/2023;2023-W03;69879;0;49.03;0
Germany;15/01/2023;2023-W03;168054;517;1998.59;6.15
India;15/01/2023;2023-W03;530726;6;372.33;0
United States;15/01/2023;2023-W03;1089627;4407;3190.39;12.9
China;22/01/2023;2023-W04;69879;0;49.03;0
Germany;22/01/2023;2023-W04;168392;338;2002.61;4.02
India;22/01/2023;2023-W04;530733;7;372.33;0
United States;22/01/2023;2023-W04;1093291;3664;3201.12;10.73
China;29/01/2023;2023-W05;69879;0;49.03;0
Germany;29/01/2023;2023-W05;168723;331;2006.55;3.94
India;29/01/2023;2023-W05;530740;7;372.34;0
United States;29/01/2023;2023-W05;1097034;3743;3212.08;10.96
China;05/02/2023;2023-W06;117566;47687;82.49;33.46
Germany;05/02/2023;2023-W06;169067;344;2010.64;4.09
India;05/02/2023;2023-W06;530745;5;372.34;0
United States;05/02/2023;2023-W06;1100486;3452;3222.18;10.11
China;12/02/2023;2023-W07;118926;1360;83.45;0.95
Germany;12/02/2023;2023-W07;169522;455;2016.05;5.41
India;12/02/2023;2023-W07;530750;5;372.35;0
United States;12/02/2023;2023-W07;1103926;3440;3232.26;10.07
China;19/02/2023;2023-W08;119463;537;83.82;0.38
Germany;19/02/2023;2023-W08;170123;601;2023.2;7.15
India;19/02/2023;2023-W08;530760;10;372.35;0.01
United States;19/02/2023;2023-W08;1106783;2857;3240.62;8.36
China;26/02/2023;2023-W09;119821;358;84.07;0.25
Germany;26/02/2023;2023-W09;170722;599;2030.32;7.12
India;26/02/2023;2023-W09;530769;9;372.36;0.01
United States;26/02/2023;2023-W09;1109145;2362;3247.54;6.92
China;05/03/2023;2023-W10;120181;360;84.33;0.25
Germany;05/03/2023;2023-W10;171257;535;2036.68;6.36
India;05/03/2023;2023-W10;530775;6;372.36;0
United States;05/03/2023;2023-W10;1111342;2197;3253.97;6.43
China;12/03/2023;2023-W11;120510;329;84.56;0.23
Germany;12/03/2023;2023-W11;171829;572;2043.49;6.8
India;12/03/2023;2023-W11;530781;6;372.37;0
United States;12/03/2023;2023-W11;1113229;1887;3259.5;5.52
China;19/03/2023;2023-W12;120775;265;84.74;0.19
Germany;19/03/2023;2023-W12;172455;626;2050.93;7.44
India;19/03/2023;2023-W12;530802;21;372.38;0.02
United States;19/03/2023;2023-W12;1114970;1741;3264.59;5.1
China;26/03/2023;2023-W13;120894;119;84.83;0.08
Germany;26/03/2023;2023-W13;173000;545;2057.41;6.48
India;26/03/2023;2023-W13;530831;29;372.4;0.02
United States;26/03/2023;2023-W13;1117054;2084;3270.7;6.1
China;02/04/2023;2023-W14;120897;3;84.83;0
Germany;02/04/2023;2023-W14;173431;431;2062.54;5.13
India;02/04/2023;2023-W14;530881;50;372.44;0.04
United States;02/04/2023;2023-W14;1118800;1746;3275.81;5.11
China;09/04/2023;2023-W15;120905;8;84.84;0.01
Germany;09/04/2023;2023-W15;173709;278;2065.84;3.31
India;09/04/2023;2023-W15;530965;84;372.5;0.06
United States;09/04/2023;2023-W15;1120529;1729;3280.87;5.06
China;16/04/2023;2023-W16;120912;7;84.84;0
Germany;16/04/2023;2023-W16;174013;304;2069.46;3.62
India;16/04/2023;2023-W16;531114;149;372.6;0.1
United States;16/04/2023;2023-W16;1121819;1290;3284.65;3.78
China;23/04/2023;2023-W17;120923;11;84.85;0.01
Germany;23/04/2023;2023-W17;174244;231;2072.21;2.75
India;23/04/2023;2023-W17;531329;215;372.75;0.15
United States;23/04/2023;2023-W17;1123017;1198;3288.16;3.51
China;30/04/2023;2023-W18;120961;38;84.87;0.03
Germany;30/04/2023;2023-W18;174406;162;2074.13;1.93
India;30/04/2023;2023-W18;531533;204;372.9;0.14
United States;30/04/2023;2023-W18;1124063;1046;3291.22;3.06
China;07/05/2023;2023-W19;121015;54;84.91;0.04
Germany;07/05/2023;2023-W19;174573;167;2076.12;1.99
India;07/05/2023;2023-W19;531680;147;373;0.1
United States;07/05/2023;2023-W19;1125209;1146;3294.57;3.36
China;14/05/2023;2023-W20;121073;58;84.95;0.04
Germany;14/05/2023;2023-W20;174682;109;2077.42;1.3
India;14/05/2023;2023-W20;531770;90;373.06;0.06
United States;14/05/2023;2023-W20;1127152;1943;3300.26;5.69
